word,count,fraction
danmark,1608,1
regering,913,0.5678
politisk,634,0.3943
venstre,606,0.3769
menneske,552,0.3433
dansker,517,0.3215
politik,515,0.3203
samfund,404,0.2512
mulighed,396,0.2463
enhedslist,395,0.2456
borger,390,0.2425
radikal,390,0.2425
verden,345,0.2146
vigtig,335,0.2083
forslag,317,0.1971
problem,317,0.1971
folketing,317,0.1971
kommune,317,0.1971
konservativ,314,0.1953
virksomhed,307,0.1909
omstilling,299,0.1859
ansvar,298,0.1853
offentlig,291,0.181
fremtid,271,0.1685
blandt,271,0.1685
europa,271,0.1685
milliard,269,0.1673
første,267,0.166
gammel,264,0.1642
økonomisk,258,0.1604
alternative,256,0.1592
folkeparti,252,0.1567
mellem,245,0.1524
løsning,241,0.1499
sidste,240,0.1493
procent,233,0.1449
social,229,0.1424
styrke,227,0.1412
rigtig,225,0.1399
velfærd,222,0.1381
politiker,216,0.1343
frihed,212,0.1318
gennem,211,0.1312
familie,208,0.1294
hvilken,207,0.1287
område,205,0.1275
forhold,204,0.1269
alternativ,203,0.1262
million,194,0.1206
fælles,190,0.1182
afgørende,189,0.1175
faktisk,186,0.1157
uddannelse,182,0.1132
rusland,174,0.1082
kvinde,173,0.1076
spørgsmål,171,0.1063
virkelighed,168,0.1045
støtte,164,0.102
udvikling,160,0.0995
nødvendig,158,0.0983
medlem,157,0.0976
københavn,154,0.0958
ansætte,154,0.0958
frederikse,154,0.0958
bidrage,152,0.0945
enkelt,152,0.0945
forhandling,152,0.0945
økonomi,151,0.0939
investere,151,0.0939
statsminister,149,0.0927
borgerlig,148,0.092
forælder,147,0.0914
demokrati,146,0.0908
mindst,145,0.0902
beslutning,145,0.0902
eksempel,144,0.0896
konsekvens,137,0.0852
ukraine,135,0.084
udfordring,134,0.0833
kommun,133,0.0827
blandtandet,133,0.0827
opleve,133,0.0827
tillid,132,0.0821
hinanden,131,0.0815
selvom,130,0.0808
indsats,129,0.0802
forsvar,129,0.0802
fællesskab,128,0.0796
sikkerhed,127,0.079
kandidat,127,0.079
europæisk,127,0.079
flertal,126,0.0784
markant,125,0.0777
findes,123,0.0765
situation,121,0.0752
kultur,121,0.0752
kommunal,119,0.074
socialdemokrati,119,0.074
opgave,118,0.0734
finanslov,118,0.0734
fortsætte,117,0.0728
formand,116,0.0721
afsætte,115,0.0715
christiansborg,115,0.0715
uanset,115,0.0715
investering,115,0.0715
medarbejder,112,0.0697
energi,112,0.0697
liberal,111,0.069
generation,111,0.069
særlig,110,0.0684
demokratisk,110,0.0684
skridt,109,0.0678
presse,108,0.0672
indføre,108,0.0672
arbejdsmarked,106,0.0659
eneste,106,0.0659
mening,106,0.0659
forskellig,105,0.0653
bæredygtig,105,0.0653
udspil,105,0.0653
privat,105,0.0653
folkeskole,105,0.0653
deltage,102,0.0634
ekstra,100,0.0622
arbejdsplads,100,0.0622
arbejdskraft,98,0.0609
sektor,98,0.0609
system,98,0.0609
retning,96,0.0597
sikker,96,0.0597
landbrug,95,0.0591
flygtning,95,0.0591
befolkning,92,0.0572
nuværende,91,0.0566
mindre,91,0.0566
starte,90,0.056
tiltag,90,0.056
international,90,0.056
tidlig,89,0.0553
institution,89,0.0553
gennemføre,89,0.0553
særligt,88,0.0547
klimakrise,88,0.0547
tryghed,87,0.0541
rettighed,86,0.0535
initiativ,86,0.0535
foreksempel,85,0.0529
dårlig,84,0.0522
hverdag,83,0.0516
grundlæggende,83,0.0516
indflydelse,82,0.051
forskel,82,0.051
undersøgelse,82,0.051
militær,82,0.051
stoppe,81,0.0504
valgkamp,81,0.0504
rasmus,80,0.0498
præsentere,79,0.0491
baggrund,79,0.0491
alvorligt,79,0.0491
russisk,79,0.0491
forsvarsforbehold,78,0.0485
person,78,0.0485
forandring,77,0.0479
erhvervsliv,77,0.0479
handling,76,0.0473
ansvarlig,76,0.0473
ifølge,75,0.0466
konkre,75,0.0466
opfordre,75,0.0466
politi,75,0.0466
psykiatri,75,0.0466
region,73,0.0454
konkret,73,0.0454
behandling,72,0.0448
national,72,0.0448
projekt,72,0.0448
ambitiøs,72,0.0448
universitet,72,0.0448
forbindelse,71,0.0442
behandle,71,0.0442
tidligere,71,0.0442
adgang,70,0.0435
socialdemokratisk,70,0.0435
fjerne,70,0.0435
ordfører,69,0.0429
kritik,69,0.0429
fremmest,69,0.0429
hovedbestyrelse,67,0.0417
enhver,67,0.0417
almindelig,66,0.041
grundlov,66,0.041
gruppe,66,0.041
personlig,66,0.041
nordisk,66,0.041
inflation,66,0.041
forsker,65,0.0404
billig,65,0.0404
resultat,65,0.0404
risikere,64,0.0398
forskning,63,0.0392
voksen,63,0.0392
direkte,62,0.0386
pædagog,62,0.0386
historie,62,0.0386
forbehold,62,0.0386
alvorlig,61,0.0379
landsmød,61,0.0379
hendes,61,0.0379
årligt,61,0.0379
tilfælde,61,0.0379
såkaldt,60,0.0373
invitere,60,0.0373
vedtage,59,0.0367
prioritere,59,0.0367
uddanne,59,0.0367
håndtere,59,0.0367
organisation,58,0.0361
dygtig,58,0.0361
mandat,57,0.0354
global,57,0.0354
yderligere,57,0.0354
aarhus,57,0.0354
historisk,57,0.0354
erfaring,57,0.0354
hjemløs,57,0.0354
plejehjem,57,0.0354
venstrefløj,57,0.0354
fuldstændig,56,0.0348
udvide,56,0.0348
reducere,56,0.0348
februar,56,0.0348
sundhed,56,0.0348
karakter,56,0.0348
udfordre,55,0.0342
interesse,55,0.0342
respekt,55,0.0342
stilling,55,0.0342
minister,55,0.0342
hurtigt,55,0.0342
alliance,54,0.0336
udgangspunkt,54,0.0336
forhindre,54,0.0336
forbedre,54,0.0336
gengæld,53,0.033
oprette,53,0.033
invasion,53,0.033
landsmøde,53,0.033
klokke,53,0.033
forudsætning,53,0.033
sandhed,53,0.033
gymnasium,53,0.033
kontrol,52,0.0323
sygdom,52,0.0323
finansiering,52,0.0323
undervisning,52,0.0323
rimelig,52,0.0323
putins,51,0.0317
forkert,51,0.0317
ulighed,51,0.0317
bekymre,51,0.0317
middel,50,0.0311
fordel,50,0.0311
folketingsvalg,50,0.0311
villadse,50,0.0311
forsøg,49,0.0305
ukrain,49,0.0305
vestlig,49,0.0305
kritisk,49,0.0305
forandre,49,0.0305
mistrivsel,49,0.0305
ukrainsk,49,0.0305
lovgivning,48,0.0299
trivsel,48,0.0299
periode,48,0.0299
socialt,48,0.0299
begrænse,48,0.0299
muligt,48,0.0299
formål,48,0.0299
ledelse,48,0.0299
gratis,48,0.0299
anbefaling,48,0.0299
ordning,47,0.0292
morgen,47,0.0292
hensyn,47,0.0292
acceptere,47,0.0292
bestemt,47,0.0292
studerende,47,0.0292
nielsen,47,0.0292
forestille,46,0.0286
udgift,46,0.0286
sundhedsvæsene,46,0.0286
angreb,46,0.0286
fysisk,46,0.0286
ambition,46,0.0286
slippe,46,0.0286
forhandle,46,0.0286
stærkt,46,0.0286
debatt,46,0.0286
ekspert,46,0.0286
konflikt,46,0.0286
soldat,46,0.0286
kontakt,45,0.028
vision,45,0.028
sundhedsvæse,45,0.028
psykisk,45,0.028
central,45,0.028
fattig,45,0.028
sammenhold,45,0.028
afgift,45,0.028
udenlandsk,45,0.028
poulse,45,0.028
velfærdssamfund,45,0.028
corona,45,0.028
berlingske,45,0.028
tydelig,44,0.0274
indeholde,44,0.0274
uafhængig,44,0.0274
grundlag,44,0.0274
dagsorden,44,0.0274
fremlægge,44,0.0274
omsorg,44,0.0274
fremtidig,43,0.0267
januar,43,0.0267
tidspunkt,43,0.0267
produktion,43,0.0267
ressource,43,0.0267
tilbyde,43,0.0267
selvstændig,43,0.0267
skattelettelse,43,0.0267
positiv,42,0.0261
anerkende,42,0.0261
digital,42,0.0261
tvinge,42,0.0261
understrege,42,0.0261
frivillig,42,0.0261
patient,42,0.0261
øvrigt,42,0.0261
mangel,41,0.0255
fornuft,41,0.0255
indtil,41,0.0255
senest,41,0.0255
bekæmpe,41,0.0255
hurtig,41,0.0255
sommer,40,0.0249
sikkert,40,0.0249
sanktion,39,0.0243
oplysning,39,0.0243
fantastisk,39,0.0243
stykke,39,0.0243
omgang,39,0.0243
inddrage,39,0.0243
indkalde,39,0.0243
foretage,39,0.0243
daglig,39,0.0243
regione,39,0.0243
kommentar,39,0.0243
samling,39,0.0243
bevægelse,38,0.0236
tyskland,38,0.0236
fokusere,38,0.0236
optage,38,0.0236
beskytte,38,0.0236
myndighed,38,0.0236
september,38,0.0236
senere,38,0.0236
vilkår,38,0.0236
kommission,38,0.0236
modsat,38,0.0236
bureaukrati,38,0.0236
udlændingepolitik,38,0.0236
klasse,38,0.0236
generationsråd,38,0.0236
omfang,37,0.023
skyldes,37,0.023
august,37,0.023
process,37,0.023
udlænding,37,0.023
regning,37,0.023
understøtte,36,0.0224
billede,36,0.0224
forening,36,0.0224
løbende,36,0.0224
seksuel,36,0.0224
engagere,36,0.0224
amerikansk,36,0.0224
folketingsgruppe,36,0.0224
kvalitet,36,0.0224
rapport,36,0.0224
kernekraft,36,0.0224
basere,35,0.0218
reforme,35,0.0218
ligestilling,35,0.0218
betydning,35,0.0218
afholde,35,0.0218
kommunalvalg,35,0.0218
folkestyre,35,0.0218
frederiks,35,0.0218
velstand,35,0.0218
fornuftig,35,0.0218
venlig,35,0.0218
kontanthjælp,35,0.0218
strategi,35,0.0218
effektiv,35,0.0218
udtaler,35,0.0218
operation,35,0.0218
artikel,35,0.0218
fængsel,35,0.0218
offentligt,35,0.0218
kriminel,35,0.0218
jarlov,35,0.0218
relation,34,0.0211
oprustning,34,0.0211
vælger,34,0.0211
praksis,34,0.0211
adfærd,34,0.0211
hjerte,34,0.0211
november,34,0.0211
økologisk,34,0.0211
tilbud,34,0.0211
beskyttelse,34,0.0211
holdning,34,0.0211
kritisere,34,0.0211
mental,34,0.0211
udgive,34,0.0211
lokalt,34,0.0211
tredje,34,0.0211
sygeplejerske,34,0.0211
trænge,34,0.0211
enormt,33,0.0205
indkomst,33,0.0205
afstemning,33,0.0205
dialog,33,0.0205
afhængig,33,0.0205
udspill,33,0.0205
attraktiv,33,0.0205
udgøre,33,0.0205
farlig,33,0.0205
generelt,33,0.0205
forståelse,33,0.0205
opbakning,33,0.0205
debatindlæg,33,0.0205
sygehus,33,0.0205
forsvare,33,0.0205
præsident,33,0.0205
enhedslistens,33,0.0205
pernil,32,0.0199
bekendt,32,0.0199
ulovlig,32,0.0199
program,32,0.0199
barsel,32,0.0199
fastholde,32,0.0199
efterlade,32,0.0199
øjeblik,32,0.0199
ordentlig,32,0.0199
oplevelse,32,0.0199
tættere,32,0.0199
bæredygtighed,32,0.0199
børnehave,32,0.0199
massivt,32,0.0199
splittelse,32,0.0199
reform,32,0.0199
fattigdom,32,0.0199
arbejdsløs,31,0.0193
balance,31,0.0193
hurtigst,31,0.0193
fortjene,31,0.0193
niveau,31,0.0193
fremfor,31,0.0193
udland,31,0.0193
socialdemokrat,31,0.0193
ukrainer,31,0.0193
ydelse,31,0.0193
coronakrise,31,0.0193
massiv,31,0.0193
faglig,30,0.0187
klimamål,30,0.0187
forholde,30,0.0187
afskaffelse,30,0.0187
transport,30,0.0187
facebook,30,0.0187
christian,30,0.0187
yderlig,30,0.0187
teknologi,30,0.0187
negativ,30,0.0187
argument,30,0.0187
princippe,30,0.0187
grundlovsdag,30,0.0187
nedsætte,30,0.0187
klimapolitik,30,0.0187
chance,30,0.0187
udtryk,30,0.0187
folkemød,30,0.0187
elafgift,30,0.0187
indrette,29,0.018
effekt,29,0.018
proces,29,0.018
naturlig,29,0.018
information,29,0.018
væsentlig,29,0.018
indvandrer,29,0.018
permanent,29,0.018
daginstitutione,29,0.018
forstand,29,0.018
handicap,29,0.018
overtage,29,0.018
gruppeformand,29,0.018
abildgaard,29,0.018
opføre,29,0.018
velfærdsstat,29,0.018
halvdel,28,0.0174
vedvarende,28,0.0174
erhverv,28,0.0174
uacceptabel,28,0.0174
klimaforandring,28,0.0174
voldsom,28,0.0174
forsvinde,28,0.0174
overveje,28,0.0174
udnytte,28,0.0174
borgmester,28,0.0174
årevis,28,0.0174
marked,28,0.0174
europas,28,0.0174
cykelsti,28,0.0174
tydeligt,28,0.0174
kriminalitet,28,0.0174
lancere,28,0.0174
radikalt,28,0.0174
fødevare,27,0.0168
risiko,27,0.0168
spændende,27,0.0168
folkeafstemning,27,0.0168
medføre,27,0.0168
åbenhed,27,0.0168
aalborg,27,0.0168
overskud,27,0.0168
efterår,27,0.0168
tilføre,27,0.0168
bidrag,27,0.0168
moderne,27,0.0168
eksport,27,0.0168
kompromis,27,0.0168
signal,27,0.0168
fremgang,27,0.0168
opbygge,27,0.0168
medicin,27,0.0168
menneskerettighede,27,0.0168
messerschmidt,27,0.0168
udenrigsminister,27,0.0168
afghanistan,27,0.0168
offentlighed,27,0.0168
opposition,27,0.0168
analyse,27,0.0168
johansson,27,0.0168
påvirke,26,0.0162
odense,26,0.0162
gevinst,26,0.0162
lørdag,26,0.0162
minist,26,0.0162
josephine,26,0.0162
kvindelig,26,0.0162
finland,26,0.0162
selskab,26,0.0162
opfattelse,26,0.0162
indkøb,26,0.0162
drikkevand,26,0.0162
omfattende,26,0.0162
succes,26,0.0162
tørklæde,26,0.0162
forsvarssamarbejde,26,0.0162
rasmussen,26,0.0162
anders,26,0.0162
bådeog,26,0.0162
anledning,25,0.0155
reduktion,25,0.0155
visione,25,0.0155
jylland,25,0.0155
ændring,25,0.0155
udbygning,25,0.0155
nemmere,25,0.0155
nærmest,25,0.0155
aftryk,25,0.0155
gymnasi,25,0.0155
målrettet,25,0.0155
følelse,25,0.0155
sexisme,25,0.0155
forhåbentlig,25,0.0155
verdenskrig,25,0.0155
forrest,25,0.0155
anderledes,25,0.0155
fællesskabe,25,0.0155
børnefamili,25,0.0155
kollega,25,0.0155
meningsfuld,25,0.0155
onsdag,25,0.0155
tillidshverv,25,0.0155
tusinde,25,0.0155
forvejen,25,0.0155
urimelig,25,0.0155
justitsminister,25,0.0155
tendens,25,0.0155
besparelse,24,0.0149
anvende,24,0.0149
villig,24,0.0149
diskussion,24,0.0149
styrkelse,24,0.0149
retfærdig,24,0.0149
bundlinje,24,0.0149
coafgift,24,0.0149
ekstrem,24,0.0149
forebygge,24,0.0149
interessere,24,0.0149
begyndelse,24,0.0149
børnenes,24,0.0149
udledning,24,0.0149
tiltrængt,24,0.0149
tilgang,24,0.0149
tilskud,24,0.0149
inspirere,24,0.0149
nation,24,0.0149
uddannelsessystem,24,0.0149
kvalificere,24,0.0149
ordentligt,24,0.0149
erkende,24,0.0149
morten,24,0.0149
pårørende,24,0.0149
oktober,24,0.0149
missione,24,0.0149
ærligt,24,0.0149
næstformand,24,0.0149
mercado,24,0.0149
minkskandal,24,0.0149
henrik,23,0.0143
generel,23,0.0143
naboer,23,0.0143
telefon,23,0.0143
redskab,23,0.0143
vurdering,23,0.0143
hovedstad,23,0.0143
kærlighed,23,0.0143
aktuel,23,0.0143
indhold,23,0.0143
forbrug,23,0.0143
ideologi,23,0.0143
stress,23,0.0143
bevare,23,0.0143
mandag,23,0.0143
velkommen,23,0.0143
involvere,23,0.0143
trusle,23,0.0143
torsdag,23,0.0143
klimaråd,23,0.0143
hospital,23,0.0143
fordoble,23,0.0143
ethvert,23,0.0143
folkestyr,23,0.0143
inddragelse,23,0.0143
forventning,23,0.0143
deltagelse,23,0.0143
tilstrækkelig,23,0.0143
statslig,23,0.0143
ellemann,23,0.0143
retsstat,23,0.0143
forsvarsforlig,23,0.0143
skandale,23,0.0143
regulering,23,0.0143
faglighed,22,0.0137
skaffe,22,0.0137
bremse,22,0.0137
indsigt,22,0.0137
lovforslag,22,0.0137
parlamentarisk,22,0.0137
folkevalgt,22,0.0137
esbjerg,22,0.0137
ungdom,22,0.0137
famili,22,0.0137
bygning,22,0.0137
forløb,22,0.0137
umulig,22,0.0137
danmarks,22,0.0137
trussel,22,0.0137
konkurrence,22,0.0137
tilfreds,22,0.0137
hurtigere,22,0.0137
journalist,22,0.0137
mennesket,22,0.0137
forbudt,22,0.0137
håndsrækning,22,0.0137
folkelig,22,0.0137
prisstigning,22,0.0137
overbevise,22,0.0137
nedlukning,22,0.0137
flyvholm,22,0.0137
paragraf,22,0.0137
sammenhæng,21,0.0131
biodiversitet,21,0.0131
etablering,21,0.0131
målsætning,21,0.0131
sverige,21,0.0131
forestilling,21,0.0131
udvalg,21,0.0131
størrelse,21,0.0131
ekstraordinære,21,0.0131
coudledning,21,0.0131
budskab,21,0.0131
omlægning,21,0.0131
hvorvidt,21,0.0131
ensomhed,21,0.0131
grønner,21,0.0131
diskrimination,21,0.0131
forbud,21,0.0131
videnskab,21,0.0131
rådighed,21,0.0131
udvalgspost,21,0.0131
langsigte,21,0.0131
afstand,21,0.0131
industri,21,0.0131
sygeplejersk,21,0.0131
midlertidig,21,0.0131
opfordring,21,0.0131
pension,21,0.0131
absolut,21,0.0131
massive,21,0.0131
amerikaner,21,0.0131
folkepartis,21,0.0131
sikkerhedspolitisk,21,0.0131
forebyggelse,20,0.0124
kvinders,20,0.0124
budgett,20,0.0124
meddele,20,0.0124
praktisk,20,0.0124
dejlig,20,0.0124
klimaforandringe,20,0.0124
forpligte,20,0.0124
menneskelig,20,0.0124
status,20,0.0124
repræsentere,20,0.0124
oplagt,20,0.0124
dårliger,20,0.0124
fremsætte,20,0.0124
prioritering,20,0.0124
ladestander,20,0.0124
konstant,20,0.0124
skulder,20,0.0124
udføre,20,0.0124
partnerskab,20,0.0124
ældreplej,20,0.0124
afsted,20,0.0124
hjælpepakke,20,0.0124
lovhjemmel,20,0.0124
pensionist,20,0.0124
islamisk,20,0.0124
enhedslisten,20,0.0124
identitetspolitik,20,0.0124
garantere,20,0.0124
alliere,20,0.0124
skattereform,20,0.0124
modsætninge,20,0.0124
knokle,20,0.0124
mistrive,20,0.0124
partiformand,20,0.0124
velfærdslov,20,0.0124
entenell,20,0.0124
klimapartnerskab,20,0.0124
anbefale,19,0.0118
præmiss,19,0.0118
udspille,19,0.0118
livskvalitet,19,0.0118
støtteparti,19,0.0118
kalundborg,19,0.0118
afgørelse,19,0.0118
formulere,19,0.0118
opmærksomhed,19,0.0118
øremærke,19,0.0118
kulturliv,19,0.0118
transpore,19,0.0118
fremstå,19,0.0118
materiale,19,0.0118
inspiration,19,0.0118
krænkelse,19,0.0118
utrolig,19,0.0118
lokalsamfund,19,0.0118
rådgive,19,0.0118
arrangement,19,0.0118
venteliste,19,0.0118
nærmere,19,0.0118
droppe,19,0.0118
modstander,19,0.0118
udarbejde,19,0.0118
engagement,19,0.0118
beskæftigelse,19,0.0118
videregående,19,0.0118
usikker,19,0.0118
syrisk,19,0.0118
thomas,19,0.0118
jørgensen,19,0.0118
mortet,19,0.0118
konklusion,19,0.0118
venstreorienteret,19,0.0118
princip,19,0.0118
service,19,0.0118
ellemannjensen,19,0.0118
meningsløs,19,0.0118
fortid,18,0.0112
tredjedel,18,0.0112
december,18,0.0112
igangsætte,18,0.0112
iværksætte,18,0.0112
oplyse,18,0.0112
modstand,18,0.0112
kollektive,18,0.0112
forsvarspolitik,18,0.0112
sommerferie,18,0.0112
opstille,18,0.0112
restriktion,18,0.0112
håndtering,18,0.0112
støjberg,18,0.0112
forurening,18,0.0112
politikudvikling,18,0.0112
stramme,18,0.0112
vinter,18,0.0112
klimaordføre,18,0.0112
spænde,18,0.0112
opfylde,18,0.0112
afspejle,18,0.0112
fredag,18,0.0112
juridisk,18,0.0112
religion,18,0.0112
straffes,18,0.0112
integration,18,0.0112
utroligt,18,0.0112
blokpolitik,18,0.0112
allermest,18,0.0112
marianne,18,0.0112
ophæve,18,0.0112
minimumsnormering,18,0.0112
ældrepleje,18,0.0112
religiøs,18,0.0112
realitet,18,0.0112
ekstremt,18,0.0112
forretningsudvalg,18,0.0112
moralsk,18,0.0112
fattigere,18,0.0112
landsformand,18,0.0112
glædelig,17,0.0106
dokumentere,17,0.0106
domstol,17,0.0106
overlade,17,0.0106
forpligtelse,17,0.0106
fødsel,17,0.0106
levende,17,0.0106
nytænkning,17,0.0106
efterfølgende,17,0.0106
såfremt,17,0.0106
epidemilov,17,0.0106
bemærke,17,0.0106
dagsord,17,0.0106
martin,17,0.0106
daværende,17,0.0106
weekend,17,0.0106
klimalov,17,0.0106
teknologisk,17,0.0106
truffe,17,0.0106
nordqvist,17,0.0106
drivhusgasse,17,0.0106
normalt,17,0.0106
ekstraordinær,17,0.0106
drøfte,17,0.0106
kandidate,17,0.0106
tilsvarende,17,0.0106
gennemsnit,17,0.0106
primært,17,0.0106
minimum,17,0.0106
frederiksberg,17,0.0106
unødvendig,17,0.0106
jensen,17,0.0106
alting,17,0.0106
grundlove,17,0.0106
stigning,17,0.0106
nedskæring,17,0.0106
bevæge,17,0.0106
udvise,17,0.0106
altivist,17,0.0106
lejlighed,17,0.0106
arbejdsmiljø,17,0.0106
opvækst,17,0.0106
konsekvent,17,0.0106
formår,17,0.0106
tilstedeværelse,17,0.0106
værdig,17,0.0106
tilværelse,17,0.0106
garanti,17,0.0106
chikane,17,0.0106
biologisk,17,0.0106
forældrene,17,0.0106
indvandring,17,0.0106
ulykke,17,0.0106
forsvarsminister,17,0.0106
samråd,17,0.0106
rigtigt,17,0.0106
forklaring,17,0.0106
kronik,17,0.0106
flygte,17,0.0106
humanitær,17,0.0106
nabolande,17,0.0106
opruste,17,0.0106
færdig,17,0.0106
påstand,17,0.0106
dobbelt,17,0.0106
kapital,17,0.0106
vaccine,17,0.0106
israel,17,0.0106
nogenlunde,17,0.0106
infrastruktur,17,0.0106
ungdomsuddannelse,17,0.0106
konference,17,0.0106
landsråd,17,0.0106
betjent,17,0.0106
synspunkt,17,0.0106
regeringsgrundlag,17,0.0106
omstille,17,0.0106
position,16,0.01
klimahandling,16,0.01
rosenkilde,16,0.01
herske,16,0.01
arbejdsudbudd,16,0.01
lighed,16,0.01
konstatere,16,0.01
sjældent,16,0.01
indsatse,16,0.01
dårligt,16,0.01
søndag,16,0.01
fordeling,16,0.01
incitament,16,0.01
gentænke,16,0.01
statsministeri,16,0.01
indtryk,16,0.01
finanslovsudspil,16,0.01
afgøre,16,0.01
overgreb,16,0.01
forurene,16,0.01
forfærdelig,16,0.01
omvendt,16,0.01
folketingsgrupp,16,0.01
amager,16,0.01
perspektiv,16,0.01
aktivitet,16,0.01
udfolde,16,0.01
forlig,16,0.01
sammenhænge,16,0.01
forankre,16,0.01
simpel,16,0.01
robust,16,0.01
udskyde,16,0.01
udskrive,16,0.01
pågældende,16,0.01
trygge,16,0.01
mærkesag,16,0.01
psykolog,16,0.01
normal,16,0.01
produkt,16,0.01
undskyldning,16,0.01
videnskabelig,16,0.01
vanvittig,16,0.01
sikkerhedspolitik,16,0.01
naturgas,16,0.01
realistisk,16,0.01
finansministeri,16,0.01
henove,16,0.01
velfærdskrise,16,0.01
undertrykkelse,16,0.01
samtidigt,16,0.01
uvildig,16,0.01
ambassade,16,0.01
arktis,16,0.01
anonym,16,0.01
modsætning,16,0.01
tilhøre,16,0.01
insistere,16,0.01
skoledage,16,0.01
indberetning,16,0.01
professor,16,0.01
universiteter,16,0.01
verdensorden,16,0.01
medlemsland,16,0.01
undtagelse,15,0.0093
kraftig,15,0.0093
alleos,15,0.0093
trafik,15,0.0093
udsigt,15,0.0093
konsekvense,15,0.0093
benzin,15,0.0093
centrum,15,0.0093
dagpeng,15,0.0093
fantasi,15,0.0093
dannelse,15,0.0093
forperson,15,0.0093
sårbar,15,0.0093
moderator,15,0.0093
innovation,15,0.0093
minksag,15,0.0093
overholde,15,0.0093
gensidig,15,0.0093
dokumentar,15,0.0093
medvirke,15,0.0093
optagelse,15,0.0093
ansigt,15,0.0093
ansvarlighed,15,0.0093
børnebørn,15,0.0093
afrika,15,0.0093
oprindelig,15,0.0093
tilstrækkeligt,15,0.0093
metode,15,0.0093
bestyrelse,15,0.0093
beboer,15,0.0093
betragte,15,0.0093
insister,15,0.0093
universitete,15,0.0093
teknologie,15,0.0093
fleksibel,15,0.0093
udbrede,15,0.0093
nærvær,15,0.0093
iværksætter,15,0.0093
overbevisning,15,0.0093
direktør,15,0.0093
regionsvalgskandidat,15,0.0093
arbejdsgiver,15,0.0093
element,15,0.0093
reaktion,15,0.0093
belønne,15,0.0093
utryghed,15,0.0093
fredelig,15,0.0093
kollegaa,15,0.0093
højrefløj,15,0.0093
skipper,15,0.0093
forskelsbehandling,15,0.0093
formentlig,15,0.0093
statskasse,15,0.0093
væsentligt,15,0.0093
opholdstilladelse,15,0.0093
kompetencer,15,0.0093
skoledag,15,0.0093
skatteplan,15,0.0093
boligejer,15,0.0093
skoletid,15,0.0093
århundrede,15,0.0093
myndig,15,0.0093
betænkning,15,0.0093
stærkest,15,0.0093
franciska,14,0.0087
opmærksom,14,0.0087
indtægt,14,0.0087
animalsk,14,0.0087
forvaltning,14,0.0087
vindmølle,14,0.0087
tildele,14,0.0087
frankrig,14,0.0087
billet,14,0.0087
inkludere,14,0.0087
akademisk,14,0.0087
folketingskandidat,14,0.0087
rådhus,14,0.0087
relevant,14,0.0087
potential,14,0.0087
offentliggøre,14,0.0087
ordførerskab,14,0.0087
finansminister,14,0.0087
sommergruppemøde,14,0.0087
klimalove,14,0.0087
uansvarlig,14,0.0087
kontanthjælpssystem,14,0.0087
ministerium,14,0.0087
frivilligt,14,0.0087
personale,14,0.0087
beskyttet,14,0.0087
udsende,14,0.0087
tirsdag,14,0.0087
civilsamfund,14,0.0087
selvsagt,14,0.0087
etnisk,14,0.0087
velfungerende,14,0.0087
lederskab,14,0.0087
usikkerhed,14,0.0087
borgerinddragelse,14,0.0087
jyllandspost,14,0.0087
publicere,14,0.0087
fortalt,14,0.0087
forbedring,14,0.0087
arbejdsvilkår,14,0.0087
minkerhverv,14,0.0087
herning,14,0.0087
travlt,14,0.0087
udsagn,14,0.0087
fuldkommen,14,0.0087
uskyldig,14,0.0087
politike,14,0.0087
embedsmand,14,0.0087
nærområde,14,0.0087
dragsted,14,0.0087
fiskeri,14,0.0087
sagsbehandling,14,0.0087
topskat,14,0.0087
studiepladse,14,0.0087
fratage,14,0.0087
udvisning,14,0.0087
vaccineproduktion,14,0.0087
fjerde,14,0.0087
minimumsnormeringe,14,0.0087
normering,14,0.0087
kriteri,14,0.0087
butikk,14,0.0087
astrid,14,0.0087
konsensus,14,0.0087
klassisk,14,0.0087
buldre,13,0.0081
udvidelse,13,0.0081
overgang,13,0.0081
opvarmning,13,0.0081
værdighed,13,0.0081
begivenhed,13,0.0081
diskriminere,13,0.0081
uenighed,13,0.0081
kollektiv,13,0.0081
kilometer,13,0.0081
tilmelde,13,0.0081
fastslå,13,0.0081
yderst,13,0.0081
iværksætteri,13,0.0081
åbenlyst,13,0.0081
reagere,13,0.0081
ekstraordinært,13,0.0081
finanslovsforhandling,13,0.0081
mængde,13,0.0081
årrække,13,0.0081
tilstand,13,0.0081
øverst,13,0.0081
kontrollere,13,0.0081
udbetale,13,0.0081
folketingsmedlemm,13,0.0081
niveaue,13,0.0081
overordne,13,0.0081
realisere,13,0.0081
formel,13,0.0081
retfærdigt,13,0.0081
knytte,13,0.0081
byrådsmedlem,13,0.0081
ansøgning,13,0.0081
ventetid,13,0.0081
enighed,13,0.0081
genskabe,13,0.0081
netværk,13,0.0081
samtlige,13,0.0081
borgerdrevn,13,0.0081
klimaudfordring,13,0.0081
vordingborg,13,0.0081
rådgivning,13,0.0081
ensartet,13,0.0081
lettere,13,0.0081
nærhed,13,0.0081
afhjælpe,13,0.0081
opfatte,13,0.0081
individuel,13,0.0081
dagtilbud,13,0.0081
udbygge,13,0.0081
anerkendelse,13,0.0081
kristian,13,0.0081
aktivisme,13,0.0081
populær,13,0.0081
folketingssal,13,0.0081
udlændingepolitikk,13,0.0081
tørklæd,13,0.0081
sammenligne,13,0.0081
wokeness,13,0.0081
tradition,13,0.0081
mandlig,13,0.0081
forsvarsområd,13,0.0081
bruxelle,13,0.0081
tilsyneladende,13,0.0081
europæ,13,0.0081
omstændighed,13,0.0081
fordobling,13,0.0081
bureaukratisk,13,0.0081
udbetal,13,0.0081
minkkommission,13,0.0081
akutte,13,0.0081
målrette,13,0.0081
arnepension,13,0.0081
indgreb,13,0.0081
ødelæggelse,13,0.0081
brutal,13,0.0081
sværere,13,0.0081
uddannelsesplads,13,0.0081
saglig,13,0.0081
erhvervsminister,13,0.0081
dronning,13,0.0081
jerkel,13,0.0081
særskat,13,0.0081
typisk,13,0.0081
røgfri,13,0.0081
grundvand,13,0.0081
valgperiode,13,0.0081
debatindlæge,13,0.0081
middelklasse,13,0.0081
immunit,13,0.0081
bullshit,13,0.0081
fredsbevarende,13,0.0081
venstr,13,0.0081
borgerne,12,0.0075
lidelse,12,0.0075
administration,12,0.0075
retssikkerhede,12,0.0075
udenrigs,12,0.0075
forfølge,12,0.0075
langsigtet,12,0.0075
forlængelse,12,0.0075
åbenlys,12,0.0075
erkendelse,12,0.0075
udmønte,12,0.0075
spidskandidat,12,0.0075
naturnationalparke,12,0.0075
lykkelig,12,0.0075
nordjylland,12,0.0075
talent,12,0.0075
mistillid,12,0.0075
aktivistisk,12,0.0075
omlægge,12,0.0075
digitalt,12,0.0075
førende,12,0.0075
holdbar,12,0.0075
atmosfær,12,0.0075
folketingsmedlem,12,0.0075
drøftelse,12,0.0075
fremgå,12,0.0075
relevante,12,0.0075
udtalelse,12,0.0075
forværre,12,0.0075
ambitiøst,12,0.0075
råderum,12,0.0075
vuggestu,12,0.0075
hovedstadsområde,12,0.0075
pressemøde,12,0.0075
pressemød,12,0.0075
halvere,12,0.0075
sjælland,12,0.0075
henblik,12,0.0075
sundhedsordføre,12,0.0075
langsomt,12,0.0075
fossil,12,0.0075
designe,12,0.0075
udlevere,12,0.0075
udlede,12,0.0075
diverse,12,0.0075
opgøre,12,0.0075
besvare,12,0.0075
folkemøde,12,0.0075
cannabis,12,0.0075
henholdsvis,12,0.0075
tilsyn,12,0.0075
forleden,12,0.0075
magtfuldkommenhed,12,0.0075
udlændinge,12,0.0075
regional,12,0.0075
fransk,12,0.0075
følels,12,0.0075
storbritannien,12,0.0075
fundamente,12,0.0075
husstand,12,0.0075
værnepligt,12,0.0075
hvelplund,12,0.0075
kontanthjælpssyste,12,0.0075
energiprise,12,0.0075
sundhedsudspil,12,0.0075
fordømme,12,0.0075
henning,12,0.0075
sundhedsvæsn,12,0.0075
betingelse,12,0.0075
rwanda,12,0.0075
tvivlsom,12,0.0075
deltager,12,0.0075
stemning,12,0.0075
ideologisk,12,0.0075
skattestigning,12,0.0075
tårnhøj,12,0.0075
folkeskolereformen,12,0.0075
østerby,12,0.0075
klintskov,12,0.0075
beslutningsforslag,12,0.0075
opslag,12,0.0075
mikkelsen,12,0.0075
indebære,12,0.0075
scheelsbeck,12,0.0075
udpege,12,0.0075
opdragelse,12,0.0075
qvortrup,12,0.0075
klasseloft,12,0.0075
påpege,11,0.0068
nyligt,11,0.0068
køretøj,11,0.0068
ligeløn,11,0.0068
professionel,11,0.0068
tilgængelig,11,0.0068
ændringsforslag,11,0.0068
sårbare,11,0.0068
opvokset,11,0.0068
kreative,11,0.0068
højskole,11,0.0068
barndom,11,0.0068
borgerrepræsentation,11,0.0068
peterse,11,0.0068
fremhæve,11,0.0068
tilslutte,11,0.0068
respektere,11,0.0068
fundament,11,0.0068
profil,11,0.0068
planlægge,11,0.0068
fangelejr,11,0.0068
fremlinge,11,0.0068
udfase,11,0.0068
seriøst,11,0.0068
regionsråd,11,0.0068
økologi,11,0.0068
folkekirke,11,0.0068
gyldig,11,0.0068
tilmelding,11,0.0068
størstedel,11,0.0068
vedtægt,11,0.0068
kickstart,11,0.0068
administrere,11,0.0068
omtale,11,0.0068
indstille,11,0.0068
udvalgte,11,0.0068
ingenting,11,0.0068
bekæmpelse,11,0.0068
seriøs,11,0.0068
mennesk,11,0.0068
militært,11,0.0068
skadelig,11,0.0068
retfærdighed,11,0.0068
menneskesyn,11,0.0068
interview,11,0.0068
sjette,11,0.0068
uafhængighed,11,0.0068
bornholm,11,0.0068
forsvarlig,11,0.0068
klimavenlig,11,0.0068
eftermiddag,11,0.0068
fremtidssikre,11,0.0068
retssikkerhed,11,0.0068
dominere,11,0.0068
kendskab,11,0.0068
personligt,11,0.0068
forskellighed,11,0.0068
nielse,11,0.0068
energikilde,11,0.0068
pædagogisk,11,0.0068
resultere,11,0.0068
begrundelse,11,0.0068
totalt,11,0.0068
grundskole,11,0.0068
velkomne,11,0.0068
margrethe,11,0.0068
åbenbart,11,0.0068
flittig,11,0.0068
hovedkrav,11,0.0068
centralt,11,0.0068
muslim,11,0.0068
absurd,11,0.0068
solidarisk,11,0.0068
helhed,11,0.0068
kapacitet,11,0.0068
europæer,11,0.0068
energiforsyning,11,0.0068
fremmed,11,0.0068
centraladministration,11,0.0068
genoprette,11,0.0068
faktum,11,0.0068
jordemødre,11,0.0068
overleve,11,0.0068
forståelsespapir,11,0.0068
profit,11,0.0068
voldsomt,11,0.0068
problematisk,11,0.0068
invadere,11,0.0068
frygtelig,11,0.0068
forhandlingsbord,11,0.0068
anvendelse,11,0.0068
pandemie,11,0.0068
center,11,0.0068
efterretningstjenest,11,0.0068
forretning,11,0.0068
karste,11,0.0068
diagnose,11,0.0068
forfatter,11,0.0068
ikkevestlig,11,0.0068
præmis,11,0.0068
forsørge,11,0.0068
socialministe,11,0.0068
klimaneutral,11,0.0068
bandemedlemme,11,0.0068
begreb,11,0.0068
fjende,11,0.0068
alverden,11,0.0068
indoktrinering,11,0.0068
udgangspunkte,11,0.0068
påstande,11,0.0068
klimaplan,11,0.0068
venstres,11,0.0068
kontaktinstans,11,0.0068
vermund,10,0.0062
skrotte,10,0.0062
automatisk,10,0.0062
daginstitution,10,0.0062
samspil,10,0.0062
officiel,10,0.0062
modell,10,0.0062
motorvej,10,0.0062
ligestillingsordføre,10,0.0062
obligatorisk,10,0.0062
rammer,10,0.0062
kunstner,10,0.0062
transportordføre,10,0.0062
symbol,10,0.0062
interessant,10,0.0062
traditionel,10,0.0062
valgdag,10,0.0062
pengepung,10,0.0062
orientere,10,0.0062
finansordføre,10,0.0062
udsendelse,10,0.0062
skjult,10,0.0062
hansen,10,0.0062
undervise,10,0.0062
histori,10,0.0062
afskaffes,10,0.0062
bekostning,10,0.0062
fremragende,10,0.0062
præmisse,10,0.0062
opgørelse,10,0.0062
havnatur,10,0.0062
storkreds,10,0.0062
grundig,10,0.0062
omverden,10,0.0062
kommunikation,10,0.0062
forbrydelse,10,0.0062
ansvarligt,10,0.0062
nordsøen,10,0.0062
kontroversiel,10,0.0062
stribe,10,0.0062
fritid,10,0.0062
nummer,10,0.0062
påtage,10,0.0062
misbrug,10,0.0062
renovering,10,0.0062
overvejelse,10,0.0062
aktivist,10,0.0062
eksportere,10,0.0062
opretholde,10,0.0062
mangfoldig,10,0.0062
hadforbrydelse,10,0.0062
britisk,10,0.0062
ophold,10,0.0062
tandpleje,10,0.0062
diktere,10,0.0062
oprettelse,10,0.0062
kulturel,10,0.0062
socialrådgiver,10,0.0062
skanderborg,10,0.0062
tilbudt,10,0.0062
mellemtid,10,0.0062
begrænsninge,10,0.0062
repræsentation,10,0.0062
knække,10,0.0062
bevidst,10,0.0062
jesper,10,0.0062
åbning,10,0.0062
overskrift,10,0.0062
hjemland,10,0.0062
institut,10,0.0062
udfordringer,10,0.0062
smitte,10,0.0062
potentiel,10,0.0062
plejehjemm,10,0.0062
erhvervsdrivende,10,0.0062
alderdom,10,0.0062
trykke,10,0.0062
uretfærdig,10,0.0062
bagland,10,0.0062
fædreland,10,0.0062
kontinent,10,0.0062
selvbestemmelse,10,0.0062
hårdest,10,0.0062
ejendom,10,0.0062
udenrigspolitik,10,0.0062
styring,10,0.0062
modstande,10,0.0062
forsvarsordføre,10,0.0062
straffe,10,0.0062
overnormal,10,0.0062
beskatte,10,0.0062
finanslovsforslag,10,0.0062
klimaudspil,10,0.0062
adressere,10,0.0062
diktatur,10,0.0062
afhængighed,10,0.0062
kvinfo,10,0.0062
solidarite,10,0.0062
gasfyr,10,0.0062
fjernvarme,10,0.0062
powertox,10,0.0062
arbejdsløshed,10,0.0062
mindretal,10,0.0062
gammeldags,10,0.0062
asbest,10,0.0062
helbred,10,0.0062
forskningsfrihed,10,0.0062
cybersikkerhed,10,0.0062
frihedsrettighede,10,0.0062
nuance,10,0.0062
menneskerettigheder,10,0.0062
fremskridt,10,0.0062
genåbning,10,0.0062
faktor,10,0.0062
tidligt,10,0.0062
tillykke,10,0.0062
skolegang,10,0.0062
ordførerskaber,10,0.0062
melding,10,0.0062
europaparlament,10,0.0062
sludder,10,0.0062
jelved,10,0.0062
oftere,10,0.0062
indblik,10,0.0062
plejer,10,0.0062
alliances,10,0.0062
varmecheck,10,0.0062
virkelyst,10,0.0062
kontroll,10,0.0062
granskningskommissione,10,0.0062
forlange,10,0.0062
ideale,10,0.0062
udgivet,10,0.0062
brugsbetingelse,10,0.0062
rektor,10,0.0062
sletning,10,0.0062
børnebord,10,0.0062
mikkel,10,0.0062
radikulle,10,0.0062
genopfinde,10,0.0062
vuggestue,10,0.0062